id,first_name,last_name,email,gender,ip_address
1,Meg,Leonida,mleonida0@wordpress.org,Female,68.238.178.152
2,Dorry,Scholey,dscholey1@joomla.org,Female,141.232.35.7
3,Dian,Jeckell,djeckell2@pagesperso-orange.fr,Female,83.4.155.88
4,Jocelyn,Knapp,jknapp3@surveymonkey.com,Female,183.32.31.21
5,Chad,Hixson,chixson4@statcounter.com,Female,93.127.105.141
6,Weber,Wilcockes,wwilcockes5@prlog.org,Male,27.204.59.115
7,Price,Crehan,pcrehan6@google.nl,Male,100.0.128.134
8,Hollyanne,Weedenburg,hweedenburg7@odnoklassniki.ru,Female,48.236.178.113
9,Winifred,Hesbrook,whesbrook8@adobe.com,Female,225.49.100.76
10,Arlette,Molden,amolden9@pagesperso-orange.fr,Female,145.80.102.174
11,Davy,Nunnerley,dnunnerleya@creativecommons.org,Male,62.153.30.142
12,Timothee,Neasham,tneashamb@drupal.org,Male,230.7.223.9
13,Therine,Erskin,terskinc@phoca.cz,Female,116.202.74.66
14,Lanie,MacCaffery,lmaccafferyd@eepurl.com,Male,188.64.149.11
15,Jody,Kwietak,jkwietake@quantcast.com,Male,23.97.59.228
16,Clive,Burles,cburlesf@marriott.com,Male,41.225.158.126
17,Pincus,Longo,plongog@xrea.com,Male,212.229.163.38
18,Luella,Readmire,lreadmireh@blogspot.com,Female,222.213.71.63
19a,Jedidiah,Hurling,jhurlingi@jugem.jp,Male,14.254.196.124
,Brandyn,Norcliffe,bnorcliffej@wikispaces.com,Male,128.9.108.63
21,,O'Collopy,cocollopyk@si.edu,Male,72.134.108.26
22,Yard,,ysetfordl@nba.com,Male,156.98.18.97
23,Margie,Duggen,,Female,74.17.53.170
24,Waiter,Cockling,wcocklingn@com.com,,22.179.71.164
25,Jsandye,Wathell,jwathello@netlog.com,Female,
26,Othello,Mcettrick,omcettrickp@yellowbook.com,Male,37.100.62.124
27,Noble,Crichten,ncrichtenq@yellowpages.com,Male,4.46.143.235
28,La verne,Donaldson,ldonaldsonr@pagesperso-orange.fr,Female,69.204.120.199
29,Bibi,Snugg,bsnuggs@patch.com,Female,107.170.205.172
30,Tamarah,Pietz,tpietzt@theglobeandmail.com,Female,159.49.217.68
31,Norby,Rivelin,nrivelinu@rambler.ru,Male,205.186.185.134
32,Mirella,Gulleford,mgullefordv@com.com,Female,95.144.221.218
33,Humphrey,Mongenot,hmongenotw@apache.org,Male,137.193.13.140
34,Jess,Richardsson,jrichardssonx@virginia.edu,Female,95.27.27.31
35,Daryn,Culvey,dculveyy@answers.com,Female,233.215.188.195
36,Jamie,Bummfrey,jbummfreyz@un.org,Female,25.203.5.226
37,Manya,Cicco,mcicco10@rakuten.co.jp,Female,14.94.80.251
38,Giuditta,Jenne,gjenne11@dagondesign.com,Female,131.79.7.2
39,Ros,Arbor,rarbor12@examiner.com,Female,73.225.153.50
40,Stanley,McClay,smcclay13@imgur.com,Male,217.156.8.232
41,Katharina,Dalby,kdalby14@edublogs.org,Female,222.178.228.2
42,Reinold,Hesbrook,rhesbrook15@europa.eu,Male,127.206.111.26
43,Maureene,Fozzard,mfozzard16@walmart.com,Female,204.235.92.85
44,Silvie,Rubanenko,srubanenko17@usgs.gov,Female,129.70.95.39
45,Emalee,Smallpeace,esmallpeace18@goo.gl,Female,20.94.72.110
46,Hussein,Kearley,hkearley19@psu.edu,Male,28.120.9.55
47,Kathy,Dicken,kdicken1a@over-blog.com,Female,29.231.52.198
48,Chan,Overstreet,coverstreet1b@nydailynews.com,Male,41.86.164.203
49,Blane,Maddyson,bmaddyson1c@utexas.edu,Male,45.160.247.65
50,Reinhold,Purveys,rpurveys1d@pbs.org,Male,72.95.47.93
51,Jackson,Paterson,jpaterson1e@soundcloud.com,Male,11.193.16.120
52,Jaime,Gerrill,jgerrill1f@google.ca,Male,133.83.110.183
53,Erskine,Grose,egrose1g@craigslist.org,Male,138.39.227.167
54,Scarlett,Breawood,sbreawood1h@1688.com,Female,48.37.35.11
55,Robbie,Kobsch,rkobsch1i@google.cn,Male,134.218.232.248
56,Luke,Curling,lcurling1j@vimeo.com,Male,211.101.157.78
57,Maye,Devanney,mdevanney1k@purevolume.com,Female,98.210.87.170
58,Dennie,Ratter,dratter1l@mapy.cz,Female,18.186.17.174
59,Katherina,Byne,kbyne1m@mit.edu,Female,237.16.189.8
60,Camila,Lande,clande1n@exblog.jp,Female,36.238.134.234
61,Stephen,Killelay,skillelay1o@ucoz.com,Male,151.194.80.69
62,Thorndike,Pimley,tpimley1p@admin.ch,Male,69.91.246.251
63,Karmen,Sumshon,ksumshon1q@wordpress.org,Female,155.114.20.138
64,Crissie,Nunes Nabarro,cnunesnabarro1r@networksolutions.com,Female,71.234.88.50
65,Gage,Bardey,gbardey1s@yolasite.com,Male,199.28.124.34
66,Dag,Archbald,darchbald1t@goodreads.com,Male,167.39.232.143
67,Nevile,Ingall,ningall1u@cnn.com,Male,14.177.73.204
68,Raimondo,Aldin,raldin1v@un.org,Male,235.79.229.233
69,Ariella,Trevaskiss,atrevaskiss1w@gravatar.com,Female,128.229.190.142
70,Sheffield,Trewhitt,strewhitt1x@slideshare.net,Male,199.247.234.72
71,Jay,Strete,jstrete1y@spiegel.de,Male,236.224.72.124
72,Gaspar,O'Rowane,gorowane1z@de.vu,Male,181.182.12.21
73,Charlean,Roseaman,croseaman20@wsj.com,Female,47.51.229.124
74,Sandra,de Broke,sdebroke21@google.co.jp,Female,50.170.197.215
75,Kylie,Pladen,kpladen22@elpais.com,Male,182.103.169.38
76,Derrek,Rothon,drothon23@ebay.co.uk,Male,209.23.246.246
77,Cloris,Cabera,ccabera24@qq.com,Female,135.250.117.211
78,Grethel,Furlong,gfurlong25@pcworld.com,Female,62.190.186.223
79,Olwen,Ekless,oekless26@marketwatch.com,Female,172.201.124.124
80,Margaret,Betteriss,mbetteriss27@psu.edu,Female,54.80.153.79
81,Chadd,Relf,crelf28@home.pl,Male,208.56.222.196
82,Uriel,Enterle,uenterle29@home.pl,Male,118.48.156.53
83,Nesta,Kisting,nkisting2a@weibo.com,Female,74.166.215.232
84,Trixi,Birckmann,tbirckmann2b@wordpress.com,Female,133.59.192.78
85,Clari,MacAnellye,cmacanellye2c@addthis.com,Female,16.172.6.133
86,Huberto,Jinkins,hjinkins2d@blinklist.com,Male,62.26.59.199
87,Jozef,Boydon,jboydon2e@hc360.com,Male,65.83.255.98
88,Bondy,Torvey,btorvey2f@t.co,Male,157.55.194.90
89,Hyacintha,Minear,hminear2g@dagondesign.com,Female,208.34.98.44
90,Ruy,Adds,radds2h@hugedomains.com,Male,203.97.82.187
91,Dev,Friett,dfriett2i@admin.ch,Male,192.122.190.33
92,Wanda,Shovell,wshovell2j@google.ca,Female,42.7.209.10
93,Earl,Legrice,elegrice2k@hao123.com,Male,84.139.49.138
94,Micky,Isgate,misgate2l@tiny.cc,Female,135.203.167.4
95,Jamil,Dunlap,jdunlap2m@icq.com,Male,142.46.18.97
96,Dalila,Maundrell,dmaundrell2n@facebook.com,Female,10.18.82.191
97,Kevin,Gabbidon,kgabbidon2o@google.ca,Male,167.26.158.29
98,Budd,Whooley,bwhooley2p@woothemes.com,Male,134.41.46.20
99,Shaun,Herrero,sherrero2q@soundcloud.com,Female,125.93.254.160
100,Marj,MacCostye,mmaccostye2r@bandcamp.com,Female,197.145.10.3
